Tabella;CAMPO_NDP;CAMPO_TCR
clcri_anag_impianti_ee;CODICE_TENSIONE;CODICE_TENSIONE
clcri_anag_impianti_ee;CODICE_VOLTAGGIO;VALORE_TENSIONE
clcri_anag_impianti_ee;COD_ISTAT;CODICE_ISTAT_ALFANUMERICO
clcri_anag_impianti_ee;COD_PDF;CODICE_PDF
clcri_anag_impianti_ee;COD_POD;CODICE_POD
clcri_anag_impianti_ee;DESCRIZIONE_LIVELLO_TENSIONE;TENSIONE
clcri_anag_impianti_ee;DSC_TIPOLOGIA_UTILIZZO;TIPO_UTILIZZO
clcri_anag_impianti_ee;MISURATORE_ORARIO_NONORARIO;MISURATORE_ORARIO_NONORARIO
clcri_anag_impianti_ee;PK_CLCRI_ANAG_IMPIANTI_EE;PK_CLCRI_ANAG_IMPIANTI_EE
clcri_anag_impianti_ee;PK_ID_DISTRIBUTORE;ID_DISTRIBUTORE
clcri_anag_impianti_ee;PK_ID_PDF;UIDSERVICEPOINT
clcri_anag_impianti_ee;POTENZA_CONTRATTUALE;POTENZA_CONTRATTUALE
clcri_anag_impianti_ee;POTENZA_DISPONIBILE;POTENZA_DISPONIBILE
clcri_anag_impianti_ee;VALIDO_DAL;DATA_INIZIO
clcri_anag_impianti_ee;VALIDO_FINO_AL;DATA_FINE
clcri_anag_impianti_ee;dat_endDate;dat_endDate
clcri_anag_impianti_ee;dat_startDate;dat_startDate
clcri_anag_impianti_ee;dat_systemUpdateDate;dat_systemUpdateDate
clcri_anag_impianti_ee;flg_lastSnap;flg_lastSnap
clcri_anag_impianti_ee;systemDate;systemDate
clcri_anag_impianti_gas;CLASSE_MISURATORE;CLASSE_MISURATORE
clcri_anag_impianti_gas;CODICE_CITYGATE;COD_REMI
clcri_anag_impianti_gas;CODICE_ISTAT;CODICE_ISTAT_ALFANUMERICO
clcri_anag_impianti_gas;COD_PDF;CODICE_PDF
clcri_anag_impianti_gas;COD_POD;CODICE_PDR
clcri_anag_impianti_gas;DATA_FINE;DATA_FINE
clcri_anag_impianti_gas;DATA_INIZIO;DATA_INIZIO
clcri_anag_impianti_gas;DSC_TIPOLOGIA_UTILIZZO;TIPO_UTILIZZO
clcri_anag_impianti_gas;FLG_INTEGRATO;FLAG_INTEGRATO
clcri_anag_impianti_gas;FLG_MISURATORE_INSTALLATO;FLG_MISURATORE_INSTALLATO
clcri_anag_impianti_gas;ID_DISTRIBUTORE;ID_DISTRIBUTORE
clcri_anag_impianti_gas;MATRICOLA_CONTATORE;MATRICOLA_CONTATORE
clcri_anag_impianti_gas;MATRICOLA_CORRETT;MATRICOLA_CORRETTORE
clcri_anag_impianti_gas;NR_CIFR_CONTATORE;N_CIFRE_CONTATORE
clcri_anag_impianti_gas;NR_CIFR_CORRETT;N_CIFRE_CORRETTORE
clcri_anag_impianti_gas;PK_CLCRI_ANAG_IMPIANTI_GAS;PK_CLCRI_ANAG_IMPIANTI_GAS
clcri_anag_impianti_gas;PK_ID_PDF;UIDSERVICEPOINT
clcri_anag_impianti_gas;dat_endDate;dat_endDate
clcri_anag_impianti_gas;dat_startDate;dat_startDate
clcri_anag_impianti_gas;dat_systemUpdateDate;dat_systemUpdateDate
clcri_anag_impianti_gas;flg_lastSnap;flg_lastSnap
clcri_anag_impianti_gas;systemDate;systemDate
clcri_anag_prodotti_crm;COD_PROD;ID_PRODOTTO_CRM
clcri_anag_prodotti_crm;MERCATO;FLAG_MERCATO_LIBERO
clcri_anag_prodotti_crm;NOME_PROD;NOME
clcri_anag_prodotti_crm;PK_CLCRI_ANAG_PRODOTTI_CRM;PK_CLCRI_ANAG_PRODOTTI_CRM
clcri_anag_prodotti_crm;dat_endDate;dat_endDate
clcri_anag_prodotti_crm;dat_startDate;dat_startDate
clcri_anag_prodotti_crm;dat_systemUpdateDate;dat_systemUpdateDate
clcri_anag_prodotti_crm;flg_lastSnap;flg_lastSnap
clcri_anag_prodotti_crm;systemDate;systemDate
clcri_attributi_forn_crm;FASCE_ORARIE;FASCE_ORARIE
clcri_attributi_forn_crm;FK_ASSET_LINE_ITEM;ID_FORNITURA_CRM
clcri_attributi_forn_crm;FLG_BOLLETTA_PIATTA;BOLLETTA_PIATTA
clcri_attributi_forn_crm;OPZ_VERDE;OPZIONE_VERDE
clcri_attributi_forn_crm;PK_CLCRI_ATTRIBUTI_FORN_CRM;PK_CLCRI_ATTRIBUTI_FORN_CRM
clcri_attributi_forn_crm;PK_ID_ATTRIBUTO;ID_ATTRIBUTO
clcri_attributi_forn_crm;PROFILO;PROFILO
clcri_attributi_forn_crm;PROFILO_DI_CONS_GAS;CONTRIBUTO_MENSILE_RELAX_GAS
clcri_attributi_forn_crm;PROFILO_DI_CONS_LUCE;CONTRIBUTO_MENSILE_RELAX_LUCE
clcri_attributi_forn_crm;SIEBEL_ROW_ID_FORN;SIEBEL_ROW_ID_FORN
clcri_attributi_forn_crm;dat_endDate;dat_endDate
clcri_attributi_forn_crm;dat_startDate;dat_startDate
clcri_attributi_forn_crm;dat_systemUpdateDate;dat_systemUpdateDate
clcri_attributi_forn_crm;flg_lastSnap;flg_lastSnap
clcri_attributi_forn_crm;systemDate;systemDate
clcri_blocchi_fatturazione;COD_SIST_PROV;COD_SISTEMA_PROVENIENZA
clcri_blocchi_fatturazione;COD_SOCIETA;CODICE_SOCIETA
clcri_blocchi_fatturazione;DATA_BLOCCO;DATA_INIZIO_VALIDITA
clcri_blocchi_fatturazione;DSC_CASISTICA_ANOMALIA;DSC_CASISTICA_ANOMALIA
clcri_blocchi_fatturazione;MOTIVO_BLOCCO;MOTIVO_BLOCCO
clcri_blocchi_fatturazione;PK_CLCRI_BLOCCHI_FATTURAZIONE;PK_CLCRI_BLOCCHI_FATTURAZIONE
clcri_blocchi_fatturazione;PK_CODICE_BLOCCO;CODICE_BLOCCO
clcri_blocchi_fatturazione;PK_ID_FORNITURA;CODICE_FORNITURA
clcri_blocchi_fatturazione;RAGGRUPPAMENTO;RAGGRUPPAMENTO
clcri_blocchi_fatturazione;dat_endDate;dat_endDate
clcri_blocchi_fatturazione;dat_startDate;dat_startDate
clcri_blocchi_fatturazione;dat_systemUpdateDate;dat_systemUpdateDate
clcri_blocchi_fatturazione;flg_lastSnap;flg_lastSnap
clcri_blocchi_fatturazione;systemDate;systemDate
clcri_causale;CAUSALE_DESCRIZIONE;CAUSALE
clcri_causale;CODICE_CAUSALE;CODICE_CAUSALE
clcri_causale;COD_SIST_PROV;COD_SISTEMA_PROVENIENZA
clcri_causale;COD_SOCIETA;CODICE_SOCIETA
clcri_causale;FLG_LASTSNAP;FLAG_ULTIMO_RECORD_VALIDO
clcri_causale;PK_CLCRI_CAUSALE;PK_CLCRI_CAUSALE
clcri_causale;PK_ID_CAUSALE;ID_CAUSALE
clcri_causale;SYSTEMDATE;DG_LAST_MODIFY
clcri_causale;dat_endDate;dat_endDate
clcri_causale;dat_startDate;dat_startDate
clcri_causale;dat_systemUpdateDate;dat_systemUpdateDate
clcri_causale;flg_lastSnap;FLAG_ULTIMO_RECORD_VALIDO
clcri_causale;systemDate;DG_LAST_MODIFY
clcri_ce_dettagli;CLASSE_DI_FORNITURA_DESC_AGG;CLASSE_DI_FORNITURA_DESC_AGG
clcri_ce_dettagli;FASCIA_ORARIA_DESCRIZIONE;FASCIA_ORARIA_DESCRIZIONE
clcri_ce_dettagli;FLAG_STAMPA;FLAG_STAMPA
clcri_ce_dettagli;PK_CLASSE_DI_FORNITURA_CODICE;CLASSE_DI_FORNITURA_CODICE
clcri_ce_dettagli;PK_CLCRI_CE_DETTAGLI;PK_CLCRI_CE_DETTAGLI
clcri_ce_dettagli;PK_CODICE_UNIVOCO_CE;CODICE_UNIVOCO_CE
clcri_ce_dettagli;PK_FASCIA_ORARIA_CODICE;FASCIA_ORARIA_CODICE
clcri_ce_dettagli;PK_VOCE_BUSINESS;VOCE_BUSINESS
clcri_ce_dettagli;SOGLIA_MAX;SOGLIA_MAX
clcri_ce_dettagli;SOGLIA_MIN;SOGLIA_MIN
clcri_ce_dettagli;UNITA_DI_MISURA;UNITA_DI_MISURA
clcri_ce_dettagli;VALORE_OPZIONE_SIEBEL;NOME_FASCIA
clcri_ce_dettagli;VALORE_PREZZO_VARIABILE;VALORE_PREZZO_VARIABILE
clcri_ce_dettagli;dat_endDate;dat_endDate
clcri_ce_dettagli;dat_startDate;dat_startDate
clcri_ce_dettagli;dat_systemUpdateDate;dat_systemUpdateDate
clcri_ce_dettagli;flg_lastSnap;flg_lastSnap
clcri_ce_dettagli;systemDate;systemDate
clcri_ce_testata;CODICE_PRODOTTO_LISTINO;CODICE_PRODOTTO_LISTINO
clcri_ce_testata;CODICE_UNIVOCO_CE;CODICE_UNIVOCO_CE
clcri_ce_testata;DATA_FINE;DATA_FINE
clcri_ce_testata;DATA_INIZIO;DATA_INIZIO
clcri_ce_testata;DATA_SCADENZA_CE;DATA_SCADENZA_CE
clcri_ce_testata;DURATA_CE;DURATA_CE
clcri_ce_testata;DURATA_PREAVVISO;DURATA_PREAVVISO
clcri_ce_testata;FLAG_RINNOVO;FLAG_RINNOVO
clcri_ce_testata;LISTINO_NETA;COD_LISTINO_NETA
clcri_ce_testata;PK_CLCRI_CE_TESTATA;PK_CLCRI_CE_TESTATA
clcri_ce_testata;PK_PRODOTTO_NETA;COD_PRODOTTO_NETA
clcri_ce_testata;RAGGRAPPAMENTO_CE;RAGGRAPPAMENTO_CE
clcri_ce_testata;TIPO_SCADENZA;TIPO_SCADENZA
clcri_ce_testata;dat_endDate;dat_endDate
clcri_ce_testata;dat_startDate;dat_startDate
clcri_ce_testata;dat_systemUpdateDate;dat_systemUpdateDate
clcri_ce_testata;flg_lastSnap;flg_lastSnap
clcri_ce_testata;systemDate;systemDate
clcri_componente;CODICE_COMPONENTE;CODICE_COMPONENTE
clcri_componente;COD_SIST_PROV;COD_SISTEMA_PROVENIENZA
clcri_componente;COD_SOCIETA;CODICE_SOCIETA
clcri_componente;COMPONENTE_DESCRIZIONE;COMPONENTE
clcri_componente;FLG_LASTSNAP;FLAG_ULTIMO_RECORD_VALIDO
clcri_componente;PK_CLCRI_COMPONENTE;PK_CLCRI_COMPONENTE
clcri_componente;PK_ID_COMPONENTE;ID_COMPONENTE
clcri_componente;SYSTEMDATE;DG_LAST_MODIFY
clcri_componente;dat_endDate;dat_endDate
clcri_componente;dat_startDate;dat_startDate
clcri_componente;dat_systemUpdateDate;dat_systemUpdateDate
clcri_componente;flg_lastSnap;FLAG_ULTIMO_RECORD_VALIDO
clcri_componente;systemDate;DG_LAST_MODIFY
clcri_conto_cliente;ACCOUNT;COD_CLIENTE
clcri_conto_cliente;ACCOUNT_FATTURAZIONE_TIP_ACCOUNT;TIPO_CONTO
clcri_conto_cliente;COD_CONTO_FATTURAZIONE;CODICE_CONTO_CLIENTE_NUMERICO
clcri_conto_cliente;MODALITA_PAGNTO;MODALITA_PAGAMENTO
clcri_conto_cliente;PK_CLCRI_CONTO_CLIENTE;PK_CLCRI_CONTO_CLIENTE
clcri_conto_cliente;PK_COD_CC;CODICE_CONTO_CLIENTE
clcri_conto_cliente;SIEBEL_ROWID_CONTO_CLIENTE;SIEBEL_ROWID
clcri_conto_cliente;dat_endDate;dat_endDate
clcri_conto_cliente;dat_startDate;dat_startDate
clcri_conto_cliente;dat_systemUpdateDate;dat_systemUpdateDate
clcri_conto_cliente;flg_lastSnap;flg_lastSnap
clcri_conto_cliente;systemDate;systemDate
clcri_contratto_crm;COD_CONTR;AGREE_NUM
clcri_contratto_crm;CONS_COMUNICATO;X_CONSUMO_COMUNICATO
clcri_contratto_crm;DATA_FINE;EFF_END_DT
clcri_contratto_crm;DATA_INIZIO;EFF_START_DT
clcri_contratto_crm;PK_CLCRI_CONTRATTO_CRM;PK_CLCRI_CONTRATTO_CRM
clcri_contratto_crm;PK_ID;ROW_ID
clcri_contratto_crm;SIEBEL_ROWID_CONTRATTO;SIEBEL_ROWID_CONTRATTO
clcri_contratto_crm;SIEBEL_ROW_ID;SIEBEL_ROW_ID_CONTRATTO
clcri_contratto_crm;STATE_C;STAT_CD
clcri_contratto_crm;TIP_CONTR;X_MACROTIPO_NEW
clcri_contratto_crm;dat_endDate;dat_endDate
clcri_contratto_crm;dat_startDate;dat_startDate
clcri_contratto_crm;dat_systemUpdateDate;dat_systemUpdateDate
clcri_contratto_crm;flg_lastSnap;flg_lastSnap
clcri_contratto_crm;systemDate;systemDate
clcri_contratto_negoziate;DECORRENZA;DECORRENZA
clcri_contratto_negoziate;DURATA;DURATA
clcri_contratto_negoziate;FLG_LASTSNAP;FLAG_ULTIMO_RECORD_VALIDO
clcri_contratto_negoziate;ID_OFFERTA;IDOFFERTA
clcri_contratto_negoziate;ID_OFFERTA_PIVA_ORIGINALE;ID_OFFERTA_PIVA_ORIGINALE
clcri_contratto_negoziate;PIVA;PIVA
clcri_contratto_negoziate;PK_CLCRI_CONTRATTO_NEGOZIATE;PK_CLCRI_CONTRATTO_NEGOZIATE
clcri_contratto_negoziate;PK_COMMODITY;COMMODITY
clcri_contratto_negoziate;PK_ID_CONTRATTO_RCR;IDCONTRATTORCR
clcri_contratto_negoziate;PRODOTTO_MDC;PRODOTTOMDC
clcri_contratto_negoziate;SYSTEMDATE;DG_LAST_MODIFY
clcri_contratto_negoziate;TIPO_OFFERTA;TIPOOFFERTA
clcri_contratto_negoziate;dat_endDate;dat_endDate
clcri_contratto_negoziate;dat_startDate;dat_startDate
clcri_contratto_negoziate;dat_systemUpdateDate;dat_systemUpdateDate
clcri_contratto_negoziate;flg_lastSnap;FLAG_ULTIMO_RECORD_VALIDO
clcri_contratto_negoziate;systemDate;DG_LAST_MODIFY
clcri_dettaglio_fattura;ANALITICO_SINTETICO;ANALITICO_SINTETICO
clcri_dettaglio_fattura;CODICE_CAUSALE;CODICE_CAUSALE
clcri_dettaglio_fattura;CODICE_COMPONENTE;CODICE_COMPONENTE
clcri_dettaglio_fattura;CODICE_FASCIA;CODICE_FASCIA
clcri_dettaglio_fattura;CODICE_FORNITURA;CODICE_FORNITURA
clcri_dettaglio_fattura;CODICE_PACCHETTO;CODICE_PACCHETTO
clcri_dettaglio_fattura;CODICE_PIANO;CODICE_PIANO
clcri_dettaglio_fattura;CODICE_QUOTA_PARTE;CODICE_QUOTA_PARTE
clcri_dettaglio_fattura;CODICE_SOTTO_TESTATA;CODICE_SOTTO_TESTATA
clcri_dettaglio_fattura;CODICE_TIPOLOGIA_LETTURA;CODICE_TIPOLOGIA_LETTURA
clcri_dettaglio_fattura;CODICE_TIPO_PREZZO_APPLICATO;CODICE_TIPO_PREZZO_APPLICATO
clcri_dettaglio_fattura;CODICE_TIPO_PREZZO_ORIGINE;CODICE_TIPO_PREZZO_ORIGINE
clcri_dettaglio_fattura;CODICE_VOCE;CODICE_VOCE
clcri_dettaglio_fattura;COD_CLASSE_FORNITURA_PREZZO;COD_CLASSE_FORNITURA_PREZZO
clcri_dettaglio_fattura;COD_QUOTA_PARTE_RAGGRUPPAMENTO;COD_QUOTA_PARTE_RAGGRUPPAMENTO
clcri_dettaglio_fattura;COD_SIST_PROV;COD_SISTEMA_PROVENIENZA
clcri_dettaglio_fattura;COD_SOCIETA;CODICE_SOCIETA
clcri_dettaglio_fattura;COMMODITY;COMMODITY
clcri_dettaglio_fattura;DAT_REFDATE;PROGRESSIVO_CARICAMENTO
clcri_dettaglio_fattura;FINE_PERIODO_COMPETENZA;FINE_PERIODO
clcri_dettaglio_fattura;FLG_LASTSNAP;FLAG_ULTIMO_RECORD_VALIDO
clcri_dettaglio_fattura;ID_DOCUMENTO;ID_DOCUMENTO
clcri_dettaglio_fattura;ID_FORNITURA;ID_FORNITURA
clcri_dettaglio_fattura;ID_GENERICO_CPQ;ID_GENERICO_CPQ
clcri_dettaglio_fattura;ID_UNIVOCO_CPQ;ID_UNIVOCO_CPQ
clcri_dettaglio_fattura;IMPONIBILE_QUOTA;IMPONIBILE_QUOTA
clcri_dettaglio_fattura;IMPONIBILE_VOCE;IMPONIBILE_VOCE
clcri_dettaglio_fattura;INIZIO_PERIODO_COMPETENZA;INIZIO_PERIODO
clcri_dettaglio_fattura;NUMERO_SOGLIA;NUMERO_SOGLIA
clcri_dettaglio_fattura;PERCENTUALE_IVA;IVA
clcri_dettaglio_fattura;PK_CLCRI_DETTAGLIO_FATTURA;PK_CLCRI_DETTAGLIO_FATTURA
clcri_dettaglio_fattura;PK_CODICE_DETTAGLIO_FATTURA;CODICE_DETTAGLIO_FATTURA
clcri_dettaglio_fattura;PK_DATA_EMISSIONE;DATA_EMISSIONE
clcri_dettaglio_fattura;PREZZO_APPLICATO;PREZZO_APPLICATO
clcri_dettaglio_fattura;PREZZO_ORIGINE;PREZZO_ORIGINE
clcri_dettaglio_fattura;QUANTITA;QUANTITA
clcri_dettaglio_fattura;SEGNO;SEGNO
clcri_dettaglio_fattura;SYSTEMDATE;DG_LAST_MODIFY
clcri_dettaglio_fattura;VALORE_SOGLIA_APPLICATA;VALORE_SOGLIA_APPLICATA
clcri_dettaglio_fattura;VALORE_SOGLIA_ORIGINALE;VALORE_SOGLIA_ORIGINALE
clcri_dettaglio_fattura;dat_endDate;dat_endDate
clcri_dettaglio_fattura;dat_startDate;dat_startDate
clcri_dettaglio_fattura;dat_systemUpdateDate;dat_systemUpdateDate
clcri_dettaglio_fattura;flg_lastSnap;FLAG_ULTIMO_RECORD_VALIDO
clcri_dettaglio_fattura;systemDate;DG_LAST_MODIFY
clcri_distributori;CODICE_DISTRIBUTORE;CODICE_DISTRIBUTORE
clcri_distributori;CODICE_TIPO_COMMODITY;TIPLOGIA_SERVIZIO
clcri_distributori;NOME_DISTRIBUTORE;RAGIONE_SOCIALE
clcri_distributori;PK_CLCRI_DISTRIBUTORI;PK_CLCRI_DISTRIBUTORI
clcri_distributori;PK_ID_DISTRIBUTORE;ID_DISTRIBUTORE
clcri_distributori;TAXID;PIVA_DISTRIBUTORE
clcri_distributori;dat_endDate;dat_endDate
clcri_distributori;dat_startDate;dat_startDate
clcri_distributori;dat_systemUpdateDate;dat_systemUpdateDate
clcri_distributori;flg_lastSnap;flg_lastSnap
clcri_distributori;systemDate;systemDate
clcri_elemento_offerta;CANALE_DI_ATTIVAZ;CANALE_DI_ATTIVAZIONE
clcri_elemento_offerta;DATA_FIRMA_OFFERTA;DATA_FIRMA_PLICO
clcri_elemento_offerta;DATA_ULT_MODIFICA;DATA_ULTIMO_AGGIORNAMENTO
clcri_elemento_offerta;ID_CAMPAGNA;CAMPAGNA
clcri_elemento_offerta;PK_CLCRI_ELEMENTO_OFFERTA;PK_CLCRI_ELEMENTO_OFFERTA
clcri_elemento_offerta;PK_COD_ELEMENTO_OFFERTA;CODICE_ELEMENTO_OFFE
clcri_elemento_offerta;PROCESSO_DI_VEND;MODALITA_OPERATIVA_OFFERTA
clcri_elemento_offerta;QUOTE_STATUS;STATO_OFFERTA
clcri_elemento_offerta;dat_endDate;dat_endDate
clcri_elemento_offerta;dat_startDate;dat_startDate
clcri_elemento_offerta;dat_systemUpdateDate;dat_systemUpdateDate
clcri_elemento_offerta;flg_lastSnap;flg_lastSnap
clcri_elemento_offerta;systemDate;systemDate
clcri_elemento_ordine;ASSET_EXTERNAL_ID;CODICE_FORNITURA
clcri_elemento_ordine;COD_SERV_RETE;CODICE_SERVIZIO_AEEG
clcri_elemento_ordine;DATA_CREAZIONE;DATA_INSERIMENTO_ORDINE
clcri_elemento_ordine;DATA_FINE;DATA_FINE_SOMMINISTRAZIONE
clcri_elemento_ordine;DATA_ULT_MODIFICA;DATA_ULTIMA_MODIFICA
clcri_elemento_ordine;FK_ASSET_LINE_ITEM;CODICE_FORNITURA_NUMERICO
clcri_elemento_ordine;FK_ORDER;CODICE_ORDINE_SIEBEL
clcri_elemento_ordine;FK_QUOTE_LINE_ITEM;CODICE_ELEMENTO_OFFERTA
clcri_elemento_ordine;PK_CLCRI_ELEMENTO_ORDINE;PK_CLCRI_ELEMENTO_ORDINE
clcri_elemento_ordine;PK_COD_ELEMENTO_ORD;CODICE_ELEMENTO_ORDINE
clcri_elemento_ordine;PROCESSO_DI_VEND;COD_SIEBEL_MODALITA_OPERATIVA
clcri_elemento_ordine;dat_endDate;dat_endDate
clcri_elemento_ordine;dat_startDate;dat_startDate
clcri_elemento_ordine;dat_systemUpdateDate;dat_systemUpdateDate
clcri_elemento_ordine;flg_lastSnap;flg_lastSnap
clcri_elemento_ordine;systemDate;systemDate
clcri_forn_br;CADE_DESCRIZIONE;CADE_DESCRIZIONE
clcri_forn_br;CODICE_PRODOTTO_LISTINO;CODICE_PRODOTTO_LISTINO
clcri_forn_br;CODICE_UNIVOCO_CE;CODICE_UNIVOCO_CE
clcri_forn_br;COD_PACCHETTO;CODICE_PACCHETTO
clcri_forn_br;CONSUMO_PROG;CONSUMO_PROG
clcri_forn_br;CON_CONTRATTO_NUMERO;CON_CONTRATTO_NUMERO
clcri_forn_br;DATA_CAMBIO_PRODOTTO;DATA_CAMBIO_PRODOTTO
clcri_forn_br;DATA_FATT_CAMBIO_PRODOTTO;DATA_FATT_CAMBIO_PRODOTTO
clcri_forn_br;DATA_FATT_RINNOVO;DATA_FATT_RINNOVO
clcri_forn_br;DATA_FIRMA;DATA_FIRMA
clcri_forn_br;DATA_INIZIO_FORNITURA;DATA_INIZIO_FORNITURA
clcri_forn_br;DATA_PROSSIMA_FATT;DATA_PROSSIMA_FATT
clcri_forn_br;DATA_RIFERIMENTO_PREZZI;DATA_RIFERIMENTO_PREZZI
clcri_forn_br;DATA_ULTIMA_FATT;DATA_ULTIMA_FATT
clcri_forn_br;DESCR_PACCHETTO;DESCRIZIONE_PACCHETTO
clcri_forn_br;DETTAGLIO;DETTAGLIO
clcri_forn_br;FCO_CONSUMO;FCO_CONSUMO
clcri_forn_br;FORNITURA_COD;COD_FORNITURA
clcri_forn_br;FORN_OLD_CODICE_FORN;FORN_OLD_CODICE_FORNITURA
clcri_forn_br;LISTINO_NETA;LISTINO_NETA
clcri_forn_br;NUMERO_SALTI_FATT;NUMERO_SALTI_FATT
clcri_forn_br;PK_CLCRI_FORN_BR;PK_CLCRI_FORN_BR
clcri_forn_br;PK_ID_FORNITURA;ID_FORNITURA
clcri_forn_br;PRODOTTO_NETA;PRODOTTO_NETA
clcri_forn_br;RAGGRUPPAMENTO;RAGGRUPPAMENTO
clcri_forn_br;SEFM_SEQ_FATTURAZIONE_COD;SEFM_SEQ_FATTURAZIONE_COD
clcri_forn_br;STATO_FORNITURA;SPWKF_DESCRIZIONE
clcri_forn_br;dat_endDate;dat_endDate
clcri_forn_br;dat_startDate;dat_startDate
clcri_forn_br;dat_systemUpdateDate;dat_systemUpdateDate
clcri_forn_br;flg_lastSnap;flg_lastSnap
clcri_forn_br;systemDate;systemDate
clcri_forn_crm;ACCOUNT;COD_CLIENTE
clcri_forn_crm;ASSET_EXTERNAL_ID;INTEGRATION_ID
clcri_forn_crm;ASSET_EXTERNAL_ID_CP;INTEGRATION_ID_CP
clcri_forn_crm;ASSET_STATUS;COD_STATO_PRATICA
clcri_forn_crm;ATTIVITA_MERCEOLOGICA;ATTIVITA_MERCEOLOGICA
clcri_forn_crm;AZIENDA;AZIENDA
clcri_forn_crm;CLASSIFICATION_64_09;CLASSIFICAZIONE_64_09
clcri_forn_crm;COD_ATECO_2007;CODICE_ATECO_2007_NUMERICO
clcri_forn_crm;COD_AZIENDA;COD_AZIENDA
clcri_forn_crm;COD_CLI;CODICE_CLIENTE_NUMERICO
clcri_forn_crm;COD_CONTO_FATTURAZIONE;CODICE_CONTO_CLIENTE_NUMERICO
clcri_forn_crm;COD_CONTR;COD_CONTRATTO
clcri_forn_crm;COD_FORN;COD_PRATICA_CRM
clcri_forn_crm;COD_PACCHETTO;CODICE_PACCHETTO
clcri_forn_crm;COD_PROD;ID_PRODOTTO
clcri_forn_crm;COD_PUNTO_DI_FORN;COD_PDF
clcri_forn_crm;CONS_ANNUO_SMC;CONSUMO_ANNUO
clcri_forn_crm;DATA_ENERGIA_VERDE_MIG;X_DATA_ENERGIA_VERDE_MIG
clcri_forn_crm;DATA_FINE;DATA_CESSAZIONE
clcri_forn_crm;DATA_FIRMA_OFFERTA;DATA_RIF_PREZZI
clcri_forn_crm;DATA_INIZIO;DATA_DECORRENZA
clcri_forn_crm;DATA_INIZIO_ENERGIA_VERDE;X_DATA_ENERGIA_VERDE
clcri_forn_crm;DESCRIZIONE;CODICE_ATECO_2007
clcri_forn_crm;FLG_ALTRI_USI;FLAG_ALTRI_USI
clcri_forn_crm;FLG_DOMESTICO;FLAG_DOMESTICO
clcri_forn_crm;FLG_ENERGIA_VERDE_MIG;X_FLG_ENERGIA_VERDE_MIG
clcri_forn_crm;FLG_RESIDENZIALE;FLAG_RESIDENTE
clcri_forn_crm;LISTINO_NETA;ID_LISTINO
clcri_forn_crm;NOME_PROD;NOME_PACCHETTO
clcri_forn_crm;OPZ_VERDE;X_FLG_ENERGIA_VERDE
clcri_forn_crm;PK_CLCRI_FORN_CRM;PK_CLCRI_FORN_CRM
clcri_forn_crm;PK_RECORD_ID_CC;CODICE_CONTO_CLIENTE
clcri_forn_crm;PK_RECORD_ID_FORN;ID_FORNITURA_CRM
clcri_forn_crm;POT_CONTRATTUALE;POTENZA_CONTRATTUALE
clcri_forn_crm;ROWID_SIEBEL_FORN;SIEBEL_ROW_ID_FORNITURA
clcri_forn_crm;SETTORE_MERCEOLOGICO;SETTORE_MERCEOLOGICO
clcri_forn_crm;TIP_DI_UTILIZZO;TIPO_UTILIZZO_COMPOSTO
clcri_forn_crm;TIP_PROD;COMMODITY
clcri_forn_crm;TIP_REG_COMMTY;TIPO_REGIME
clcri_forn_crm;TIP_UTILIZZO_PWR;UTILIZZO
clcri_forn_crm;dat_endDate;dat_endDate
clcri_forn_crm;dat_startDate;dat_startDate
clcri_forn_crm;dat_systemUpdateDate;dat_systemUpdateDate
clcri_forn_crm;flg_lastSnap;flg_lastSnap
clcri_forn_crm;systemDate;systemDate
clcri_lettura_gas;COD_PDF;CODICE_PDF
clcri_lettura_gas;CONS_CALCOLATO;CONSUMO_CALCOLATO
clcri_lettura_gas;DATA_ACQUISIZIONE;DATA_ACQUISIZIONE
clcri_lettura_gas;DATA_FINE_COMP;DATA_FINE_COMP
clcri_lettura_gas;DATA_INIZIO_COMP;DATA_INIZIO_COMP
clcri_lettura_gas;DATA_INVIO_BILLING;DATA_INVIO_BILLING
clcri_lettura_gas;DATA_LETTURA;DATA_LTU
clcri_lettura_gas;DATA_PUBBL;DATA_PUBBLICAZIONE
clcri_lettura_gas;DATA_ULTIMO_AGGIORNAMENTO;DATA_ULTIMO_AGGIORNAMENTO
clcri_lettura_gas;DIFF_SEGNANTI_CORRETT;DIFF_SEGNANTI_CORRETTORE
clcri_lettura_gas;DIFF_SEGNANTI_MISURATORE;DIFF_SEGNANTI_MISURATORE
clcri_lettura_gas;DSC_TIPO_LOGICO_LETT;DSC_TIPO_LOGICO_LETT
clcri_lettura_gas;ID_CANALE;ID_CANALE
clcri_lettura_gas;ID_LETTURA;ID_LETTURA
clcri_lettura_gas;LETTURA_EFFETTIVA_STIMATA;EFFETTIVA_STIMATA
clcri_lettura_gas;MATRICOLA_CONTATORE;MATRICOLA_CONTATORE
clcri_lettura_gas;PK_CLCRI_LETTURA_GAS;PK_CLCRI_LETTURA_GAS
clcri_lettura_gas;POT;POTENZA
clcri_lettura_gas;SEGNANTE_CORRETT_FINALE;SEGNANTE_CORRETTORE_FINALE
clcri_lettura_gas;SEGNANTE_CORRETT_INIZ;SEGNANTE_CORRETTORE_INIZIALE
clcri_lettura_gas;SEGNANTE_MISURATORE_FINALE;SEGNANTE_MISURATORE_FINALE
clcri_lettura_gas;SEGNANTE_MISURATORE_INIZ;SEGNANTE_MISURATORE_INIZIALE
clcri_lettura_gas;STATO_LETTURA;STATO_LETTURA
clcri_lettura_gas;TIP_LETTURA;TIPOLOGIA_LETTURA
clcri_lettura_gas;TRACKING_ID;TRACKING_ID
clcri_lettura_gas;dat_endDate;dat_endDate
clcri_lettura_gas;dat_startDate;dat_startDate
clcri_lettura_gas;dat_systemUpdateDate;dat_systemUpdateDate
clcri_lettura_gas;flg_lastSnap;flg_lastSnap
clcri_lettura_gas;systemDate;systemDate
clcri_lettura_pwr;CODICE_PDF;CODICE_PDF
clcri_lettura_pwr;COD_UNITA_DI_MISURA;UNITA_DI_MISURA
clcri_lettura_pwr;CONS;CONSUMO
clcri_lettura_pwr;CONS_F1;CONSUMO_FASCIA1
clcri_lettura_pwr;CONS_F2;CONSUMO_FASCIA2
clcri_lettura_pwr;CONS_F3;CONSUMO_FASCIA3
clcri_lettura_pwr;DATA_ACQUISIZIONE;DATA_ACQUISIZIONE
clcri_lettura_pwr;DATA_FINE_COMP;DATA_FINE_COMP
clcri_lettura_pwr;DATA_INIZIO_COMP;DATA_INIZIO_COMP
clcri_lettura_pwr;DATA_INVIO_BILLING;DATA_INVIO_BILLING
clcri_lettura_pwr;DATA_LETTURA;DATA_LTU
clcri_lettura_pwr;DATA_MESSA_DISPOSIZIONE;DATA_PUBBLICAZIONE
clcri_lettura_pwr;DATA_ULTIMO_AGGIORNAMENTO;DATA_ULTIMO_AGGIORNAMENTO
clcri_lettura_pwr;DIFF_SEGNANTI_MISURATORE;DIFF_SEGNANTI_MISURATORE
clcri_lettura_pwr;DSC_TIPO_LOGICO_LETT;DSC_TIPO_LOGICO_LETT
clcri_lettura_pwr;EFFETTIVA_STIMATA;EFFETTIVA_STIMATA
clcri_lettura_pwr;ID_CANALE;ID_CANALE
clcri_lettura_pwr;ID_LETTURA_AGL;ID_LETTURA_AGL
clcri_lettura_pwr;MATRICOLA_CONTATORE;MATRICOLA_CONTATORE
clcri_lettura_pwr;PK_CLCRI_LETTURA_PWR;PK_CLCRI_LETTURA_PWR
clcri_lettura_pwr;POT;POTENZA
clcri_lettura_pwr;STATO_LETTURA;STATO_LETTURA
clcri_lettura_pwr;TIP_LETTURA;TIPOLOGIA_LETTURA
clcri_lettura_pwr;TIP_LETTURA_DEL_65;TIPOLOGIA_LETTURA_DEL_65
clcri_lettura_pwr;TRACKING_ID;TRACKING_ID
clcri_lettura_pwr;dat_endDate;dat_endDate
clcri_lettura_pwr;dat_startDate;dat_startDate
clcri_lettura_pwr;dat_systemUpdateDate;dat_systemUpdateDate
clcri_lettura_pwr;flg_lastSnap;flg_lastSnap
clcri_lettura_pwr;systemDate;systemDate
clcri_misura_puntuale;COD_UNITA_DI_MISURA;UNITA_DI_MISURA
clcri_misura_puntuale;CONSUMO_TOTALE;CONSUMO
clcri_misura_puntuale;DATA_AGGIORNAMENTO;DATA_ULTIMO_AGGIORNAMENTO
clcri_misura_puntuale;DATA_INSERIMENTO;DATA_ACQUISIZIONE
clcri_misura_puntuale;DATA_INVIO_BILLING;DATA_INVIO_BILLING
clcri_misura_puntuale;DATA_LETTURA;DATA_LTU
clcri_misura_puntuale;DATA_LETTURA_FIN;DATA_FINE_COMP
clcri_misura_puntuale;DATA_LETTURA_INI;DATA_INIZIO_COMP
clcri_misura_puntuale;DATA_MESSA_DISPOSIZIONE;DATA_PUBBLICAZIONE
clcri_misura_puntuale;ID_CANALE;ID_CANALE
clcri_misura_puntuale;ID_MISURA_PUNTUALE;ID_MISURA_PUNTUALE
clcri_misura_puntuale;PDF;CODICE_PDF
clcri_misura_puntuale;PK_CLCRI_MISURA_PUNTUALE;PK_CLCRI_MISURA_PUNTUALE
clcri_misura_puntuale;POT;POTENZA
clcri_misura_puntuale;STATO_LETTURA;STATO_LETTURA
clcri_misura_puntuale;TIPO_DATO;EFFETTIVA_STIMATA
clcri_misura_puntuale;TRACKING_ID;TRACKING_ID
clcri_misura_puntuale;dat_endDate;dat_endDate
clcri_misura_puntuale;dat_startDate;dat_startDate
clcri_misura_puntuale;dat_systemUpdateDate;dat_systemUpdateDate
clcri_misura_puntuale;flg_lastSnap;flg_lastSnap
clcri_misura_puntuale;systemDate;systemDate
clcri_opzione_dinamica;COD_CLIENTE;CODICE_CLIENTE
clcri_opzione_dinamica;COD_CONTO_CLIENTE;CODICE_CONTO_CLIENTE
clcri_opzione_dinamica;COD_CONTRATTO;CODICE_CONTRATTO
clcri_opzione_dinamica;COD_SERVIZIO;CODICE_SERVIZIO
clcri_opzione_dinamica;DATA_FINE;DATA_FINE
clcri_opzione_dinamica;DATA_INIZIO;DATA_INIZIO
clcri_opzione_dinamica;LAST_UPD;DATA_ULTIMA_MODIFICA
clcri_opzione_dinamica;PDF;PDF
clcri_opzione_dinamica;PK_CLCRI_OPZIONE_DINAMICA;PK_CLCRI_OPZIONE_DINAMICA
clcri_opzione_dinamica;PK_ROW_ID;ROW_ID
clcri_opzione_dinamica;ROW_ID_ASSET;ROW_ID_ASSET
clcri_opzione_dinamica;TIPOLOGIA_OPZIONE;TIPOLOGIA_OPZIONE
clcri_opzione_dinamica;VALORE_OPZIONE;VALORE_OPZIONE
clcri_opzione_dinamica;dat_endDate;dat_endDate
clcri_opzione_dinamica;dat_startDate;dat_startDate
clcri_opzione_dinamica;dat_systemUpdateDate;dat_systemUpdateDate
clcri_opzione_dinamica;flg_lastSnap;flg_lastSnap
clcri_opzione_dinamica;systemDate;systemDate
clcri_prezzi_volumi_negoziate;BL_PWR;ITPPARTEVARBL
clcri_prezzi_volumi_negoziate;BL_VOL;VOLUMEBL
clcri_prezzi_volumi_negoziate;F1_PWR;ITPPARTEVARF1
clcri_prezzi_volumi_negoziate;F1_VOL;VOLUMEF1
clcri_prezzi_volumi_negoziate;F2_PWR;ITPPARTEVARF2
clcri_prezzi_volumi_negoziate;F2_VOL;VOLUMEF2
clcri_prezzi_volumi_negoziate;F3_PWR;ITPPARTEVARF3
clcri_prezzi_volumi_negoziate;F3_VOL;VOLUMI_LEG_DI_PREZZO
clcri_prezzi_volumi_negoziate;FLAG_ENERGIA_VERDE;FLAG_ENERGIA_VERDE
clcri_prezzi_volumi_negoziate;FLG_LASTSNAP;FLAG_ULTIMO_RECORD_VALIDO
clcri_prezzi_volumi_negoziate;ITP_PARTE_VAR;ITPPARTEVAR
clcri_prezzi_volumi_negoziate;ITP_UDM;ITPUDM
clcri_prezzi_volumi_negoziate;MESE_ANNO;MESE_ANNO
clcri_prezzi_volumi_negoziate;OP_PWR;ITPPARTEVAROP
clcri_prezzi_volumi_negoziate;OP_VOL;VOLUMEOP
clcri_prezzi_volumi_negoziate;PK_CLCRI_PREZZI_VOLUMI_NEGOZIATE;PK_CLCRI_PREZZI_VOLUMI_NEGOZIATE
clcri_prezzi_volumi_negoziate;PK_COMMODITY;COMMODITY
clcri_prezzi_volumi_negoziate;PK_ID_CONTRATTO_RCR;IDCONTRATTORCR
clcri_prezzi_volumi_negoziate;PK_ID_LEG;IDLEG
clcri_prezzi_volumi_negoziate;PK_ITP_INDEX_LIST;ITP_INDEX_LIST
clcri_prezzi_volumi_negoziate;PK_ITP_PARTE_FISSA;ITPPARTEFISSA
clcri_prezzi_volumi_negoziate;PK_NOME_INDICE_MATLAB;NOMEINDICEMATLAB
clcri_prezzi_volumi_negoziate;PK_PWR;ITPPARTEVARPK
clcri_prezzi_volumi_negoziate;PK_VOL;VOLUMEPK
clcri_prezzi_volumi_negoziate;SCOPO;SCOPO
clcri_prezzi_volumi_negoziate;SYSTEMDATE;DG_LAST_MODIFY
clcri_prezzi_volumi_negoziate;TRADE_DATE;TRADEDATE
clcri_prezzi_volumi_negoziate;VOLUME;VOLUME
clcri_prezzi_volumi_negoziate;VOLUME_UDM;VOLUMEUDM
clcri_prezzi_volumi_negoziate;dat_endDate;dat_endDate
clcri_prezzi_volumi_negoziate;dat_startDate;dat_startDate
clcri_prezzi_volumi_negoziate;dat_systemUpdateDate;dat_systemUpdateDate
clcri_prezzi_volumi_negoziate;flg_lastSnap;FLAG_ULTIMO_RECORD_VALIDO
clcri_prezzi_volumi_negoziate;systemDate;DG_LAST_MODIFY
clcri_soggetti;ACCOUNT;COD_CLIENTE
clcri_soggetti;COD_CLI;CODICE_CLIENTE_NUMERICO
clcri_soggetti;COD_FISCALE;CODICE_FISCALE
clcri_soggetti;COGNOME;RAG_SOC_COGNOME
clcri_soggetti;FORMA_GIURIDICA;FORMA_GIURIDICA
clcri_soggetti;ID_SEGMENTO_CLIENTE;MACROSEGMENTO
clcri_soggetti;NOME;NOME
clcri_soggetti;PIVA;PARTITA_IVA
clcri_soggetti;PK_CLCRI_SOGGETTI;PK_CLCRI_SOGGETTI
clcri_soggetti;SEGMENTO;SEGMENTO
clcri_soggetti;SIEBEL_ROW_ID_CLIENTE;SIEBEL_ROW_ID
clcri_soggetti;dat_endDate;dat_endDate
clcri_soggetti;dat_startDate;dat_startDate
clcri_soggetti;dat_systemUpdateDate;dat_systemUpdateDate
clcri_soggetti;flg_lastSnap;flg_lastSnap
clcri_soggetti;systemDate;systemDate
clcri_sotto_testata;BASE_DI_COMPUTO;BASE_DI_COMPUTO
clcri_sotto_testata;CODICE_FATTURA;CODICE_FATTURA
clcri_sotto_testata;CODICE_FORNITURA;CODICE_FORNITURA
clcri_sotto_testata;CODICE_IPA_NETA;CODICE_IPA_NETA
clcri_sotto_testata;CODICE_PACCHETTO;CODICE_PACCHETTO
clcri_sotto_testata;CODICE_UFFICIO_IPA_NETA;CODICE_UFFICIO_IPA_NETA
clcri_sotto_testata;COD_FORNITURA_NETA;COD_FORNITURA_NETA
clcri_sotto_testata;COD_GRUPPO_FATTURAZIONE;COD_GRUPPO_FATTURAZIONE
clcri_sotto_testata;COD_SIST_PROV;COD_SISTEMA_PROVENIENZA
clcri_sotto_testata;COD_SOCIETA;CODICE_SOCIETA
clcri_sotto_testata;COMMODITY;COMMODITY
clcri_sotto_testata;CONSUMO;CONSUMO
clcri_sotto_testata;CONSUMO_STORNATO;CONSUMO_STORNATO
clcri_sotto_testata;DATA_ULTIMA_LETTURA_REALE;DATA_ULTIMA_LETTURA_REALE
clcri_sotto_testata;DAT_REFDATE;PROGRESSIVO_CARICAMENTO
clcri_sotto_testata;DESCRIZIONE_FATTURAZIONE;DESCRIZIONE_FATTURAZIONE
clcri_sotto_testata;DESCRIZIONE_PACCHETTO;DESCRIZIONE_PACCHETTO
clcri_sotto_testata;DT_FINE_CONSUMO_STORNATO;DT_FINE_CONSUMO_STORNATO
clcri_sotto_testata;DT_INIZ_CONSUMO_STORNATO;DT_INIZ_CONSUMO_STORNATO
clcri_sotto_testata;FINE_PERIODO_DI_COMPETENZA;FINE_PERIODO_DI_COMPETENZA
clcri_sotto_testata;FLAG_AUTOLETTURA;FLAG_AUTOLETTURA
clcri_sotto_testata;FLAG_SPLIT_PAYMENT_NETA;FLAG_SPLIT_PAYMENT_NETA
clcri_sotto_testata;FLG_LASTSNAP;FLAG_ULTIMO_RECORD_VALIDO
clcri_sotto_testata;ID_FORNITURA;ID_FORNITURA
clcri_sotto_testata;IMPORTO;IMPORTO
clcri_sotto_testata;IMPORTO_CANONE_TV;IMPORTO_CANONE_TV
clcri_sotto_testata;IMPORTO_IVA_TOTALE;IMPORTO_IVA_TOTALE
clcri_sotto_testata;INIZIO_PERIODO_DI_COMPETENZA;INIZIO_PERIODO_DI_COMPETENZA
clcri_sotto_testata;LISTINO_NETA;LISTINO_NETA
clcri_sotto_testata;MODALITA_FATTURAZIONE;MODALITA_DI_FATTURAZIONE
clcri_sotto_testata;PCS;PCS
clcri_sotto_testata;PK_CLCRI_SOTTO_TESTATA;PK_CLCRI_SOTTO_TESTATA
clcri_sotto_testata;PK_CODICE_SOTTOTESTATA;CODICE_SOTTOTESTATA
clcri_sotto_testata;PK_DATA_EMISSIONE;DATA_EMISSIONE
clcri_sotto_testata;PRODOTTO_NETA;PRODOTTO_NETA
clcri_sotto_testata;SEFM_SEQ_FATTURAZIONE_COD;SEFM_SEQ_FATTURAZIONE_COD
clcri_sotto_testata;SYSTEMDATE;DG_LAST_MODIFY
clcri_sotto_testata;TIPO_TARIFFA_NETA;TIPO_TARIFFA_NETA
clcri_sotto_testata;dat_endDate;dat_endDate
clcri_sotto_testata;dat_startDate;dat_startDate
clcri_sotto_testata;dat_systemUpdateDate;dat_systemUpdateDate
clcri_sotto_testata;flg_lastSnap;FLAG_ULTIMO_RECORD_VALIDO
clcri_sotto_testata;systemDate;DG_LAST_MODIFY
clcri_stima_consumo;PK_CLCRI_STIMA_CONSUMO;PK_CLCRI_STIMA_CONSUMO
clcri_stima_consumo;PK_COD_SERVIZIO_SIEBEL;CODICE_SERVIZIO_SIEBEL
clcri_stima_consumo;SIEBEL_ROW_ID_FORN;SIEBEL_ROW_ID_FORNITURA
clcri_stima_consumo;STIMA_CONS_ANN_GAS;STIMA_CONSUMO_ANNUO_GAS
clcri_stima_consumo;STIMA_CONS_ANN_PWR_F1;STIMA_CONSUMO_ANNUO_PWR_F1
clcri_stima_consumo;STIMA_CONS_ANN_PWR_F2;STIMA_CONSUMO_ANNUO_PWR_F2
clcri_stima_consumo;STIMA_CONS_ANN_PWR_F3;STIMA_CONSUMO_ANNUO_PWR_F3
clcri_stima_consumo;STIMA_CONS_ANN_PWR_MONO;STIMA_CONSUMO_ANNUO_PWR_MONO
clcri_stima_consumo;dat_endDate;dat_endDate
clcri_stima_consumo;dat_startDate;dat_startDate
clcri_stima_consumo;dat_systemUpdateDate;dat_systemUpdateDate
clcri_stima_consumo;flg_lastSnap;flg_lastSnap
clcri_stima_consumo;systemDate;systemDate
clcri_testata_bolletta;COD_SIST_PROV;COD_SISTEMA_PROVENIENZA
clcri_testata_bolletta;COD_SOCIETA;CODICE_SOCIETA
clcri_testata_bolletta;DATA_ELABORAZIONE_L2;DATA_ELABORAZIONE_L2
clcri_testata_bolletta;DATA_EMISSIONE;DATA_EMISSIONE
clcri_testata_bolletta;DATA_ESTRAZIONE;DATA_ESTRAZIONE
clcri_testata_bolletta;DATA_MOVIMENTAZIONE;DATA_MOVIMENTAZIONE
clcri_testata_bolletta;DATA_SCADENZA;DATA_SCADENZA
clcri_testata_bolletta;DAT_REFDATE;PROGRESSIVO_CARICAMENTO
clcri_testata_bolletta;DOCUMENTO_AGILE;DOCUMENTO_AGILE
clcri_testata_bolletta;EMI_EDESCRIZIONE;DESCRIZIONE_EMISSIONE
clcri_testata_bolletta;EMI_EMISSIONE_COD;CODICE_EMISSIONE
clcri_testata_bolletta;FATTURATO_STRAORDINARIO;FATTURATO_STRAORDINARIO
clcri_testata_bolletta;FATTURA_BONUS;FATTURA_BONUS
clcri_testata_bolletta;FLAG_DOC_PARTITA;EMISSIONE_A_PARTITA
clcri_testata_bolletta;FLG_ANNULLAMENTO;ANNULLAMENTO
clcri_testata_bolletta;FLG_LASTSNAP;FLAG_ULTIMO_RECORD_VALIDO
clcri_testata_bolletta;ID_CONTO_CLIENTE;CODICE_CONTO_CLIENTE
clcri_testata_bolletta;ID_TESTATA_PAGAMENTO;ID_TESTATA_PAGAMENTO
clcri_testata_bolletta;IMPORTO;IMPORTO
clcri_testata_bolletta;IMPORTO_CANONE_TV;IMPORTO_CANONE_TV
clcri_testata_bolletta;IMPORTO_DA_PAGARE;IMPORTO_DA_PAGARE
clcri_testata_bolletta;IMPORTO_PAGATO;IMPORTO_PAGATO
clcri_testata_bolletta;IMP_ANOMALO;IMP_ANOMALO
clcri_testata_bolletta;INVIO_DATI_STAMPA;INVIO_DATI_STAMPA
clcri_testata_bolletta;METODO_PAG;METODO_PAG
clcri_testata_bolletta;NUMERO_COPIA_FATTURA;NUMERO_COPIA_FATTURA
clcri_testata_bolletta;NUMERO_FATTURA;NUMERO_FATTURA
clcri_testata_bolletta;NUMERO_FATTURA_DIOGENE;NUMERO_FATTURA_DIOGENE
clcri_testata_bolletta;NUM_RDS;NUM_RDS
clcri_testata_bolletta;OGGETTO_CALCOLO_CMOR;OGGETTO_CALCOLO_CMOR
clcri_testata_bolletta;PAGT_PRECESSAZIONE;PAGT_PRECESSAZIONE
clcri_testata_bolletta;PK_CLCRI_TESTATA_BOLLETTA;PK_CLCRI_TESTATA_BOLLETTA
clcri_testata_bolletta;PK_TESTATA_FATTURA;CODICE_FATTURA
clcri_testata_bolletta;RATEIZZAZIONE;RATEIZZAZIONE
clcri_testata_bolletta;RAT_RESPINTA;RAT_RESPINTA
clcri_testata_bolletta;STATO_PAGAMENTO;CODICE_STATO_PAGAMENTO
clcri_testata_bolletta;SYSTEMDATE;CLCRI_TESTATA_BOLLETTA
clcri_testata_bolletta;TESTATA_FATTURA_ANNULLATA;FATTURA_ANNULLATA
clcri_testata_bolletta;TIPO_GRUPPO;TIPO_GRUPPO
clcri_testata_bolletta;TIPO_REGIME;TIPO_REGIME
clcri_testata_bolletta;dat_endDate;dat_endDate
clcri_testata_bolletta;dat_startDate;dat_startDate
clcri_testata_bolletta;dat_systemUpdateDate;dat_systemUpdateDate
clcri_testata_bolletta;flg_lastSnap;FLAG_ULTIMO_RECORD_VALIDO
clcri_testata_bolletta;systemDate;CLCRI_TESTATA_BOLLETTA
clcri_transcod_prod;COD_PRODOTTO_LISTINO;COD_PRODOTTO_LISTINO
clcri_transcod_prod;LISTINO_NETA;ID_LISTINO
clcri_transcod_prod;PK_CLCRI_TRANSCOD_PROD;PK_CLCRI_TRANSCOD_PROD
clcri_transcod_prod;PK_COD_TRANSCOD_LISTINO;ID_LISTINO_CRM
clcri_transcod_prod;PK_COD_TRANSCOD_PRODOTTO;ID_PRODOTTO_CRM
clcri_transcod_prod;PRODOTTO_NETA;ID_PRODOTTO
clcri_transcod_prod;dat_endDate;dat_endDate
clcri_transcod_prod;dat_startDate;dat_startDate
clcri_transcod_prod;dat_systemUpdateDate;dat_systemUpdateDate
clcri_transcod_prod;flg_lastSnap;flg_lastSnap
clcri_transcod_prod;systemDate;systemDate
clcri_voce;CODICE_CATEGORIA;CODICE_CATEGORIA
clcri_voce;CODICE_SOTTOCATEGORIA;CODICE_SOTTOCATEGORIA
clcri_voce;CODICE_TIPO_PREZZO;CODICE_TIPO_PREZZO
clcri_voce;CODICE_TIPO_VOCE;CODICE_TIPO_VOCE
clcri_voce;CODICE_VOCE;CODICE_VOCE
clcri_voce;COD_SIST_PROV;COD_SISTEMA_PROVENIENZA
clcri_voce;COD_SOCIETA;CODICE_SOCIETA
clcri_voce;DESCRIZIONE_VOCE;DESCRIZIONE_VOCE
clcri_voce;FLAG_CALCOLO_CMOR;FLAG_CALCOLO_CMOR
clcri_voce;FLG_LASTSNAP;FLAG_ULTIMO_RECORD_VALIDO
clcri_voce;MODALITA_DI_FATTURAZIONE;MODALITA_DI_FATTURAZIONE
clcri_voce;PK_CLCRI_VOCE;PK_CLCRI_VOCE
clcri_voce;PK_ID_VOCE;ID_VOCE
clcri_voce;SYSTEMDATE;DG_LAST_MODIFY
clcri_voce;dat_endDate;dat_endDate
clcri_voce;dat_startDate;dat_startDate
clcri_voce;dat_systemUpdateDate;dat_systemUpdateDate
clcri_voce;flg_lastSnap;FLAG_ULTIMO_RECORD_VALIDO
clcri_voce;systemDate;DG_LAST_MODIFY
